first_name,last_name,email,ip_address
Armstrong,Buye,abuye0@friendfeed.com,172.85.26.255
Elysha,Spitaro,espitaro1@sitemeter.com,150.33.233.183
Antoinette,Blumer,ablumer2@lulu.com,96.29.127.27
Bobine,Colquite,bcolquite3@youtube.com,247.22.128.197
Bunnie,Laverock,blaverock4@cnn.com,227.97.116.30
Willow,Daniaud,wdaniaud5@wikimedia.org,81.80.160.248
Ulrika,Sawers,usawers6@weibo.com,154.11.229.41
Vaclav,Leward,vleward7@auda.org.au,117.145.223.216
Allina,Male,amale8@techcrunch.com,213.154.39.143
Shepherd,Yakunkin,syakunkin9@odnoklassniki.ru,225.156.3.25
Hana,Egell,hegella@prweb.com,172.244.67.103
Lindy,Copello,lcopellob@wufoo.com,233.57.35.186
Gilbertine,Poulgreen,gpoulgreenc@tuttocitta.it,155.76.111.170
Hilly,Hamelyn,hhamelynd@icq.com,254.122.158.78
Marcelia,Sewter,msewtere@godaddy.com,57.245.95.157
Dillon,Primmer,dprimmerf@discovery.com,112.187.136.101
Rriocard,Gildea,rgildeag@hatena.ne.jp,114.5.19.45
Tawnya,Toffoletto,ttoffolettoh@hc360.com,36.251.122.18
Adam,Stainer,astaineri@answers.com,70.128.76.205
Waylon,Wye,wwyej@mayoclinic.com,100.43.107.219
Mollie,Bentall,mbentallk@ovh.net,221.101.140.223
Estevan,Shrubb,eshrubbl@europa.eu,81.154.95.124
Albina,Wandless,awandlessm@delicious.com,212.189.235.241
Octavia,Culbard,oculbardn@telegraph.co.uk,129.71.186.90
Jourdan,Culbard,jculbardo@java.com,15.79.11.251
Reinhold,Dand,rdandp@slideshare.net,196.49.191.173
Lisbeth,Tomankiewicz,ltomankiewiczq@feedburner.com,139.216.3.82
Perkin,Gouldbourn,pgouldbournr@cmu.edu,4.228.144.218
Connie,Lyver,clyvers@berkeley.edu,185.28.179.6
Garrick,Thompsett,gthompsettt@chicagotribune.com,76.239.247.143
Edin,Roddick,eroddicku@apple.com,26.214.25.253
Ricca,Orth,rorthv@theatlantic.com,100.150.196.192
Neils,Blanking,nblankingw@latimes.com,234.9.26.147
Tabb,Vasilischev,tvasilischevx@dot.gov,216.159.206.16
Marten,Eastwell,meastwelly@unesco.org,212.155.204.124
Chrotoem,Yalden,cyaldenz@cnn.com,90.96.26.204
Maynord,Wressell,mwressell10@nba.com,9.213.198.7
Hobie,Chirm,hchirm11@wordpress.com,214.110.89.249
Dani,Sturrock,dsturrock12@about.com,52.175.119.227
Ramon,Brunskill,rbrunskill13@nba.com,138.5.146.248
Irvine,Robinet,irobinet14@spiegel.de,39.149.3.255
Hetti,Laister,hlaister15@hao123.com,62.13.175.127
Gilles,Beckford,gbeckford16@un.org,21.146.159.219
Neal,Vogeller,nvogeller17@hugedomains.com,246.104.33.72
Benedicta,Baud,bbaud18@moonfruit.com,250.14.106.194
Lucho,Wisden,lwisden19@google.nl,60.72.159.86
Alena,Ochterlonie,aochterlonie1a@blog.com,46.240.162.233
Carleton,Mynott,cmynott1b@jigsy.com,199.123.149.222
Gregorio,Lockley,glockley1c@usnews.com,166.78.169.6
Rayshell,Hamon,rhamon1d@cbsnews.com,121.102.136.149
Ulrica,Whaley,uwhaley1e@list-manage.com,157.160.69.92
Charin,Jeanneau,cjeanneau1f@comcast.net,169.90.129.11
Rhoda,Pellington,rpellington1g@naver.com,211.165.132.69
Sapphire,Tuison,stuison1h@cbsnews.com,59.249.190.210
Jacynth,Mulloch,jmulloch1i@weather.com,237.145.2.73
Sara,Ritch,sritch1j@mac.com,58.22.73.167
Viki,Rafe,vrafe1k@state.tx.us,15.183.252.186
Normy,Whitbread,nwhitbread1l@deviantart.com,190.132.227.157
Chastity,Stollen,cstollen1m@nydailynews.com,182.104.230.6
Jemima,Dufour,jdufour1n@thetimes.co.uk,93.216.12.108
Amberly,Northill,anorthill1o@stumbleupon.com,24.39.195.141
Weidar,Dinan,wdinan1p@studiopress.com,219.112.81.161
Farrel,Peet,fpeet1q@slashdot.org,109.74.149.210
Nikita,Hawk,nhawk1r@imdb.com,120.207.153.105
Valerye,Farryan,vfarryan1s@bloglines.com,83.0.110.89
Phillip,Lurner,plurner1t@independent.co.uk,240.163.155.95
Jeannette,Sheldrake,jsheldrake1u@webs.com,1.108.68.193
Jamal,Lowy,jlowy1v@nyu.edu,205.20.144.129
Amelie,Haysey,ahaysey1w@skyrock.com,134.27.144.96
Amandi,Peachey,apeachey1x@mail.ru,137.43.107.32
Feliks,Enderby,fenderby1y@360.cn,62.124.31.38
Temp,Furmage,tfurmage1z@exblog.jp,29.199.94.28
Vita,McIlmorie,vmcilmorie20@amazonaws.com,232.4.208.180
Jethro,Tye,jtye21@npr.org,145.184.128.131
Remington,Frid,rfrid22@businessweek.com,24.211.245.39
Rennie,Boggis,rboggis23@shutterfly.com,250.199.36.97
Kristofor,Pepineaux,kpepineaux24@sbwire.com,59.18.149.232
Jonah,Farryann,jfarryann25@usa.gov,119.52.157.220
Donica,Dominichelli,ddominichelli26@posterous.com,79.51.125.246
Megan,Rossbrook,mrossbrook27@phpbb.com,166.138.254.113
Micki,Kerkham,mkerkham28@apple.com,226.71.205.129
Nikolai,Nilles,nnilles29@ftc.gov,115.176.193.35
Livvie,Aleshkov,laleshkov2a@cam.ac.uk,138.247.239.120
Tally,Stiger,tstiger2b@xrea.com,230.81.216.14
Quinton,Aldus,qaldus2c@noaa.gov,215.108.199.10
Faustina,Whitaker,fwhitaker2d@yahoo.com,179.112.2.123
Annette,Suscens,asuscens2e@mail.ru,46.167.149.171
Klarrisa,Cartlidge,kcartlidge2f@google.com.br,203.185.231.83
Fan,Fansy,ffansy2g@slideshare.net,184.191.78.107
Bunni,McMearty,bmcmearty2h@reuters.com,34.155.43.150
Byran,Scholer,bscholer2i@yellowbook.com,33.16.76.190
Mischa,Ivakhin,mivakhin2j@amazon.de,65.111.181.70
Bidget,Crann,bcrann2k@lulu.com,171.83.0.44
Sawyer,Groves,sgroves2l@unicef.org,115.85.11.182
Carine,Beadnall,cbeadnall2m@geocities.jp,91.142.22.192
Mireille,Stonman,mstonman2n@time.com,14.103.177.61
Elwin,Bydaway,ebydaway2o@state.gov,166.201.49.70
Monica,Elphey,melphey2p@hao123.com,188.218.146.116
Anastassia,Gobell,agobell2q@spiegel.de,101.236.254.5
Moses,Elan,melan2r@tuttocitta.it,92.65.223.73
Tessi,Tuckwell,ttuckwell2s@vk.com,108.149.117.83
Sayre,Gheorghescu,sgheorghescu2t@ifeng.com,213.19.48.231
Luca,Rowet,lrowet2u@xrea.com,176.56.132.76
Davine,Myton,dmyton2v@topsy.com,90.245.1.234
Winfield,Aldrich,waldrich2w@theguardian.com,124.167.161.230
Dalt,Divill,ddivill2x@state.tx.us,233.54.69.215
Arther,Skyme,askyme2y@newyorker.com,234.222.44.85
Alex,Melan,amelan2z@mac.com,208.234.64.136
Vaclav,Reven,vreven30@over-blog.com,91.146.213.168
Cassi,Sullivan,csullivan31@ustream.tv,53.56.95.242
Enrico,Parkeson,eparkeson32@globo.com,191.184.57.191
Menard,Hallows,mhallows33@china.com.cn,162.172.237.5
Jessee,List,jlist34@dagondesign.com,140.146.161.26
Susanne,Henriksson,shenriksson35@ted.com,123.58.60.239
Selia,Tosspell,stosspell36@reverbnation.com,119.129.46.134
Urbanus,Denyer,udenyer37@imageshack.us,43.188.149.226
Kristan,Beszant,kbeszant38@amazon.com,58.58.41.237
Gideon,Dufaire,gdufaire39@acquirethisname.com,133.229.97.9
Talia,Yantsev,tyantsev3a@uol.com.br,185.67.19.135
Thomasa,Beeson,tbeeson3b@smh.com.au,56.141.9.250
Mariska,Yellowlea,myellowlea3c@freewebs.com,247.134.87.37
Fulton,Duprey,fduprey3d@tripod.com,68.75.8.88
Anthia,Biskupiak,abiskupiak3e@unblog.fr,8.76.40.22
Gustave,Yerby,gyerby3f@state.gov,168.207.60.35
Lydon,Cabane,lcabane3g@ted.com,140.132.77.150
Tomasine,Elphick,telphick3h@sina.com.cn,182.208.35.46
Clarabelle,Cristofaro,ccristofaro3i@google.nl,93.214.2.233
Addison,Muttitt,amuttitt3j@fc2.com,202.103.51.136
Tommie,Wike,twike3k@wufoo.com,236.116.1.215
Haleigh,Becconsall,hbecconsall3l@purevolume.com,85.240.152.139
Octavius,Scoggins,oscoggins3m@edublogs.org,160.54.147.28
Carmelle,Jurek,cjurek3n@usatoday.com,50.227.106.58
Drucill,Rizzone,drizzone3o@squidoo.com,240.99.229.186
Millicent,Befroy,mbefroy3p@exblog.jp,225.24.101.231
Timothy,Wiggington,twiggington3q@indiatimes.com,210.176.26.96
Linn,Lages,llages3r@theguardian.com,70.200.160.60
Natal,Trodler,ntrodler3s@printfriendly.com,109.189.52.121
Demetrius,Ludford,dludford3t@blogspot.com,6.170.233.12
Robb,Boughton,rboughton3u@ow.ly,223.111.14.51
Sallie,Cow,scow3v@histats.com,34.24.215.234
Engelbert,Overington,eoverington3w@sakura.ne.jp,188.97.158.147
Marty,Stealy,mstealy3x@de.vu,170.157.251.134
Boonie,Fernandez,bfernandez3y@phoca.cz,114.143.5.248
Pansie,Sollis,psollis3z@sfgate.com,140.124.195.113
Gavra,Braxay,gbraxay40@hc360.com,151.246.239.7
Nickolai,Kindell,nkindell41@youku.com,201.50.144.160
Clair,McIlheran,cmcilheran42@columbia.edu,204.165.32.93
Vida,Geddis,vgeddis43@rakuten.co.jp,141.123.141.5
Dominique,Lampens,dlampens44@sakura.ne.jp,91.205.221.35
Fabian,Shaughnessy,fshaughnessy45@oakley.com,74.103.45.55
Pauletta,Coulman,pcoulman46@jigsy.com,105.3.84.38
Lettie,Persitt,lpersitt47@samsung.com,142.24.103.188
Aleen,Yearsley,ayearsley48@ucoz.com,109.128.202.243
Viva,Buckthorpe,vbuckthorpe49@google.it,4.140.44.32
Farly,Whitechurch,fwhitechurch4a@answers.com,244.231.120.101
Nikki,Greeve,ngreeve4b@delicious.com,48.220.141.113
Rowena,Luparto,rluparto4c@cafepress.com,108.64.93.10
Waly,Scammell,wscammell4d@weather.com,125.130.59.110
Bianka,Pakenham,bpakenham4e@princeton.edu,10.134.50.209
Lenette,Billington,lbillington4f@prnewswire.com,159.74.13.220
Bernadina,Coatham,bcoatham4g@skyrock.com,159.234.116.73
Fredrika,Allbrook,fallbrook4h@google.co.jp,184.199.104.59
Roderigo,Troke,rtroke4i@stanford.edu,150.130.195.70
Ambrose,Swainsbury,aswainsbury4j@newyorker.com,222.144.156.172
Sephira,Stickel,sstickel4k@pagesperso-orange.fr,34.87.86.25
Magda,Neathway,mneathway4l@odnoklassniki.ru,67.172.51.135
Lolly,Keats,lkeats4m@bloglines.com,10.185.113.139
Kalina,Storek,kstorek4n@storify.com,165.229.72.110
Kellby,De Robertis,kderobertis4o@cbsnews.com,184.108.44.209
Rabbi,De Bernardis,rdebernardis4p@cpanel.net,36.29.59.135
Mireielle,Somers,msomers4q@nature.com,132.172.170.88
Noelyn,Faragan,nfaragan4r@dailymail.co.uk,160.63.199.54
Timmi,Stratz,tstratz4s@cnbc.com,12.220.251.149
Malva,Wollrauch,mwollrauch4t@simplemachines.org,78.229.195.185
Francene,Potte,fpotte4u@archive.org,147.43.15.43
Clemmie,Noakes,cnoakes4v@weebly.com,28.237.122.144
Karie,Denisyev,kdenisyev4w@xrea.com,219.171.130.82
Winifred,Bickardike,wbickardike4x@ameblo.jp,160.214.252.113
Craig,Beveredge,cbeveredge4y@tumblr.com,107.171.240.87
Sanson,Janosevic,sjanosevic4z@pinterest.com,72.100.111.96
Daisey,Kingaby,dkingaby50@cocolog-nifty.com,194.61.225.223
Clifford,Melburg,cmelburg51@jimdo.com,7.172.175.31
Bevan,Fosdike,bfosdike52@google.co.uk,211.90.17.23
Staffard,Moretto,smoretto53@washingtonpost.com,93.223.221.47
Pembroke,Pedgrift,ppedgrift54@ucla.edu,211.140.244.120
Jorey,Tutchell,jtutchell55@stanford.edu,78.193.224.137
Roslyn,Gibberd,rgibberd56@foxnews.com,65.227.126.147
Roderic,Ligertwood,rligertwood57@webs.com,126.102.8.84
Maren,Ferrey,mferrey58@archive.org,121.192.113.96
Cale,Yelding,cyelding59@adobe.com,202.215.150.141
Lezlie,Greenman,lgreenman5a@infoseek.co.jp,236.128.223.134
Scott,Phebey,sphebey5b@howstuffworks.com,234.138.161.250
Frederik,Gooders,fgooders5c@twitpic.com,105.198.151.28
Hagen,McLevie,hmclevie5d@nytimes.com,41.120.64.178
Emlynne,Calderwood,ecalderwood5e@uol.com.br,119.108.118.56
Dionysus,Overton,doverton5f@sphinn.com,201.206.161.212
Suellen,Valadez,svaladez5g@twitter.com,60.221.215.118
Dallis,Baldam,dbaldam5h@yahoo.com,143.46.116.81
Vivia,Baggallay,vbaggallay5i@cnbc.com,26.217.76.97
Janeva,Redon,jredon5j@ebay.co.uk,37.9.94.86
Wilburt,Conford,wconford5k@google.co.jp,169.121.175.217
Gabriellia,Schiell,gschiell5l@ftc.gov,68.98.130.180
Petunia,Phette,pphette5m@wisc.edu,194.226.148.133
Ewell,Foston,efoston5n@hc360.com,218.170.106.74
Adriana,Hlavecek,ahlavecek5o@bigcartel.com,170.52.4.247
Odessa,Vasilenko,ovasilenko5p@nba.com,34.11.141.68
Granville,Mooreed,gmooreed5q@japanpost.jp,19.128.60.195
Latia,Bedo,lbedo5r@tmall.com,220.36.181.132
Chrysler,Wisbey,cwisbey5s@mysql.com,243.74.103.109
Rhona,Usherwood,rusherwood5t@utexas.edu,140.141.60.32
Arabela,Bakster,abakster5u@umn.edu,200.229.191.0
Nestor,Chalfain,nchalfain5v@nsw.gov.au,66.195.28.8
Ainslie,Kippin,akippin5w@accuweather.com,122.201.169.187
Riordan,Dot,rdot5x@taobao.com,152.66.139.219
Langsdon,Quibell,lquibell5y@mac.com,154.145.116.25
Tremaine,Bavage,tbavage5z@google.com.br,64.251.155.52
Lance,Stabler,lstabler60@simplemachines.org,8.160.228.237
Meris,Emmanuele,memmanuele61@nps.gov,240.93.236.37
Carlee,Kynston,ckynston62@flavors.me,13.63.225.133
Fonzie,Cadding,fcadding63@wikia.com,186.23.136.68
Somerset,Haddeston,shaddeston64@4shared.com,255.87.157.76
Barny,Rooksby,brooksby65@army.mil,10.150.17.90
Leanora,Meier,lmeier66@gov.uk,189.181.68.58
Kirby,Yven,kyven67@gmpg.org,171.228.110.147
Lilias,Hollindale,lhollindale68@economist.com,243.214.93.219
Lenci,Fayers,lfayers69@dyndns.org,116.3.177.98
Gisella,Bernadot,gbernadot6a@facebook.com,161.70.41.75
Krystal,Standbrook,kstandbrook6b@de.vu,58.63.20.167
Lonny,Robelow,lrobelow6c@wix.com,91.211.130.165
Clifford,Beartup,cbeartup6d@addthis.com,228.79.142.13
Ryley,Gail,rgail6e@spotify.com,25.243.120.192
Stacee,Anthiftle,santhiftle6f@timesonline.co.uk,221.184.204.109
Tabitha,Kose,tkose6g@ted.com,180.28.164.138
Morly,Dreinan,mdreinan6h@tamu.edu,50.60.110.163
Dorisa,Vineall,dvineall6i@studiopress.com,54.161.192.92
Gloria,Eble,geble6j@skyrock.com,44.43.135.74
Coralyn,Lomasny,clomasny6k@nih.gov,198.109.178.172
Celestia,Boggs,cboggs6l@princeton.edu,158.76.182.120
Ysabel,Adamides,yadamides6m@desdev.cn,226.12.160.94
Joby,Yeabsley,jyeabsley6n@wp.com,124.6.29.163
Brandea,Woolger,bwoolger6o@ifeng.com,155.130.235.86
Ernie,Grzelczyk,egrzelczyk6p@fema.gov,93.82.73.210
Heddi,Buxy,hbuxy6q@vinaora.com,116.70.78.233
Farlee,Dowe,fdowe6r@phoca.cz,128.172.229.55
Hammad,Mixhel,hmixhel6s@wisc.edu,72.191.150.110
Emmerich,Astell,eastell6t@wunderground.com,116.68.190.3
Honoria,Di Biasio,hdibiasio6u@salon.com,1.120.67.95
Raynard,Turfin,rturfin6v@bravesites.com,31.158.174.15
Nonna,Featherstonehaugh,nfeatherstonehaugh6w@yale.edu,6.202.239.236
Delano,Sennett,dsennett6x@infoseek.co.jp,62.159.34.70
Charlean,Acory,cacory6y@meetup.com,38.113.148.253
Trixie,Dangl,tdangl6z@wikia.com,4.55.122.193
Filmore,Saveall,fsaveall70@sphinn.com,238.154.180.254
Ruthy,Zammett,rzammett71@goo.gl,133.254.247.197
Barth,Lidstone,blidstone72@bluehost.com,6.113.40.85
Arabela,Maton,amaton73@slashdot.org,195.49.152.180
Lexi,Grishunin,lgrishunin74@chicagotribune.com,91.165.252.78
Pace,Yakubovics,pyakubovics75@twitpic.com,170.181.23.92
Idaline,Tussaine,itussaine76@simplemachines.org,163.117.118.148
Jessalyn,Schiell,jschiell77@canalblog.com,168.180.145.226
Ash,Loughead,aloughead78@drupal.org,151.35.143.205
Ives,Imore,iimore79@fema.gov,41.49.149.3
Ozzie,Braybrooks,obraybrooks7a@guardian.co.uk,191.54.233.41
Rawley,Liles,rliles7b@ebay.com,4.253.96.102
Sherm,Achromov,sachromov7c@salon.com,18.146.26.62
Gordan,Bonnaire,gbonnaire7d@rakuten.co.jp,167.225.155.76
Berthe,Dederick,bdederick7e@mail.ru,3.247.230.213
Raf,Pache,rpache7f@hubpages.com,173.180.148.196
Libbey,Moffat,lmoffat7g@rakuten.co.jp,5.120.69.40
Karlen,Wisher,kwisher7h@live.com,124.56.168.232
Balduin,Stolli,bstolli7i@hibu.com,110.79.179.37
Althea,Castelijn,acastelijn7j@google.com.hk,125.228.81.222
Helaina,Prince,hprince7k@chron.com,235.238.36.245
Paton,Dupoy,pdupoy7l@geocities.com,137.189.105.182
Ximenez,Barette,xbarette7m@china.com.cn,216.206.66.230
Billie,Gilsthorpe,bgilsthorpe7n@networkadvertising.org,205.249.32.125
Malissia,Melley,mmelley7o@mapquest.com,194.27.102.208
Filippo,MacNeilley,fmacneilley7p@ifeng.com,85.4.21.53
Chantal,McCleod,cmccleod7q@seesaa.net,172.215.140.51
Vera,Tarquinio,vtarquinio7r@usa.gov,98.65.32.187
Chucho,Shawcross,cshawcross7s@nyu.edu,198.9.94.141
Danyette,Tough,dtough7t@last.fm,166.140.29.159
Nathaniel,Clayal,nclayal7u@yahoo.co.jp,198.38.248.18
Lindsey,Eastgate,leastgate7v@eventbrite.com,102.182.224.79
Letty,Armitt,larmitt7w@live.com,30.91.235.19
Charlotta,Luxton,cluxton7x@newsvine.com,65.7.16.196
Irwin,Tidbald,itidbald7y@digg.com,202.139.182.151
Lauralee,Cleaver,lcleaver7z@blogs.com,168.230.135.69
Torre,Adhams,tadhams80@typepad.com,216.91.82.244
Debora,Langsdon,dlangsdon81@bloomberg.com,192.8.213.172
Franklin,McErlaine,fmcerlaine82@tiny.cc,64.111.237.87
Ramsay,Picot,rpicot83@jigsy.com,153.245.77.111
Courtnay,Wisbey,cwisbey84@privacy.gov.au,173.195.102.20
Issie,Stranieri,istranieri85@sohu.com,98.181.253.181
Marc,Kobierski,mkobierski86@ebay.co.uk,12.240.118.41
Jeramey,Undrill,jundrill87@ibm.com,76.44.31.206
Tomlin,Chessil,tchessil88@google.com.au,0.242.83.1
Lilla,Thow,lthow89@ihg.com,160.179.80.253
Darrel,Baldetti,dbaldetti8a@cdbaby.com,105.49.189.113
Nicolea,Marchetti,nmarchetti8b@washingtonpost.com,132.185.100.101
Darrick,Ratcliffe,dratcliffe8c@google.co.jp,142.108.163.70
Sigismundo,Toretta,storetta8d@utexas.edu,159.39.141.209
Cole,Laurenz,claurenz8e@networkadvertising.org,230.35.156.178
Mufinella,Sandeman,msandeman8f@stumbleupon.com,79.33.211.64
Hayley,Curzey,hcurzey8g@google.co.jp,70.66.168.81
Malorie,Bazoge,mbazoge8h@mozilla.com,227.49.161.72
Karyn,Siggins,ksiggins8i@stanford.edu,164.49.35.150
Laurena,Toffetto,ltoffetto8j@ycombinator.com,27.241.26.27
Ximenes,Ramlot,xramlot8k@princeton.edu,241.34.195.230
Ivie,Jodlowski,ijodlowski8l@ocn.ne.jp,28.222.150.159
Todd,Batten,tbatten8m@tripod.com,219.38.93.32
Esme,Gregh,egregh8n@joomla.org,222.129.184.242
Nikolas,Matiasek,nmatiasek8o@xing.com,170.109.60.17
Herrick,Villalta,hvillalta8p@ft.com,240.46.129.104
Nicola,Gerrie,ngerrie8q@linkedin.com,6.131.234.239
Therese,Hallibone,thallibone8r@nbcnews.com,62.11.152.125
Lavina,Stitt,lstitt8s@adobe.com,223.40.240.105
Kary,Thay,kthay8t@sbwire.com,153.3.161.49
Odelinda,Carwithim,ocarwithim8u@yellowpages.com,12.241.248.219
Virge,Kristoffersson,vkristoffersson8v@adobe.com,130.247.208.178
Dun,Borg-Bartolo,dborgbartolo8w@gizmodo.com,51.84.17.247
Marni,Starkings,mstarkings8x@trellian.com,164.27.18.165
Nata,Bishell,nbishell8y@walmart.com,255.193.131.88
Cullen,Clowley,cclowley8z@deviantart.com,227.23.92.46
Gabrielle,Emsden,gemsden90@newsvine.com,31.87.248.203
Robbie,Sparshatt,rsparshatt91@storify.com,105.202.74.26
Ruggiero,Blanko,rblanko92@yellowbook.com,104.227.20.83
Shanna,Coller,scoller93@house.gov,177.251.131.35
Ingaborg,Lethbridge,ilethbridge94@reverbnation.com,166.106.201.236
Norina,Grandisson,ngrandisson95@arizona.edu,168.236.105.192
Irvin,Dahlborg,idahlborg96@hatena.ne.jp,28.2.254.19
Rudie,Petch,rpetch97@kickstarter.com,36.236.73.178
Lonny,Burke,lburke98@dmoz.org,156.174.131.190
Douglas,Prime,dprime99@rambler.ru,8.51.199.77
Carleen,Mundell,cmundell9a@army.mil,163.56.29.53
Con,Ivanishchev,civanishchev9b@4shared.com,76.131.202.88
Frank,Piatkowski,fpiatkowski9c@hugedomains.com,172.135.88.124
Yehudi,Mason,ymason9d@unc.edu,53.214.142.105
Jeni,Vosse,jvosse9e@newsvine.com,134.8.196.120
Hendrika,Carr,hcarr9f@google.de,191.173.75.194
Merrile,Hargrove,mhargrove9g@whitehouse.gov,202.98.105.62
Bernarr,Wasson,bwasson9h@cdbaby.com,188.198.60.169
Gray,Haithwaite,ghaithwaite9i@hud.gov,242.194.61.182
Shea,Linscott,slinscott9j@netlog.com,231.201.21.113
Kym,Measor,kmeasor9k@1und1.de,88.83.167.244
Donny,Kestin,dkestin9l@marriott.com,250.211.10.202
Ignacio,Saterthwait,isaterthwait9m@about.com,71.124.140.36
Halie,Nowick,hnowick9n@nsw.gov.au,219.43.161.216
Hew,Fortin,hfortin9o@oakley.com,51.251.123.19
Emilia,Simmans,esimmans9p@topsy.com,156.1.136.186
Langsdon,Iianon,liianon9q@geocities.com,175.72.192.38
Elihu,Roman,eroman9r@sfgate.com,4.114.58.70
Ric,Castagnone,rcastagnone9s@google.es,168.45.172.134
Timothea,Cullip,tcullip9t@squidoo.com,203.235.47.253
Irina,Ferrario,iferrario9u@amazonaws.com,146.11.32.172
Dareen,Bromehed,dbromehed9v@unicef.org,41.211.228.228
Ranee,Connerly,rconnerly9w@twitpic.com,246.112.100.117
Edmund,Patnelli,epatnelli9x@ft.com,175.25.214.38
Andria,Carluccio,acarluccio9y@tiny.cc,60.11.125.53
Umberto,Roseby,uroseby9z@so-net.ne.jp,49.132.184.48
Thaddus,McLagan,tmclagana0@alibaba.com,106.150.47.29
Jobina,Heath,jheatha1@google.cn,206.107.1.243
Gawain,Spellissy,gspellissya2@wikia.com,138.176.216.133
Merralee,Boyack,mboyacka3@over-blog.com,34.223.43.214
Tristan,Kringe,tkringea4@g.co,103.49.4.14
Thoma,Amor,tamora5@npr.org,37.29.226.251
Saxon,Killcross,skillcrossa6@devhub.com,208.145.147.104
Dorothy,Hrihorovich,dhrihorovicha7@ycombinator.com,135.179.95.92
Christiane,Zupa,czupaa8@china.com.cn,47.133.235.59
Man,Bolesma,mbolesmaa9@comsenz.com,124.214.32.64
Edan,Needham,eneedhamaa@liveinternet.ru,182.18.4.49
Adelice,Patman,apatmanab@virginia.edu,66.137.192.190
Hugues,Benninck,hbenninckac@sciencedirect.com,67.249.124.85
Karon,Edwinson,kedwinsonad@digg.com,229.144.14.167
Sasha,Joe,sjoeae@apache.org,210.33.199.65
Ninon,Fullman,nfullmanaf@amazon.co.jp,17.222.23.62
Hermy,Filchagin,hfilchaginag@sina.com.cn,34.49.179.14
Corette,Carruthers,ccarruthersah@biglobe.ne.jp,160.11.122.118
Nydia,Margrett,nmargrettai@netvibes.com,1.185.30.0
Peyton,Enefer,peneferaj@themeforest.net,35.36.163.234
Leopold,Springell,lspringellak@rambler.ru,37.107.120.198
Ceil,Brizland,cbrizlandal@t-online.de,78.237.153.66
Archibald,Bucknall,abucknallam@domainmarket.com,56.41.24.218
Catarina,Shirer,cshireran@liveinternet.ru,194.55.218.148
Panchito,Garlant,pgarlantao@sciencedirect.com,247.232.12.3
Nikola,De Blasiis,ndeblasiisap@ibm.com,229.35.222.138
Dominique,Paulou,dpaulouaq@sphinn.com,185.91.224.28
Noelle,Beeho,nbeehoar@youku.com,76.225.242.30
Shelley,Rookesby,srookesbyas@canalblog.com,149.117.117.154
Dru,Davidovitch,ddavidovitchat@admin.ch,72.9.209.70
Elsinore,Coatsworth,ecoatsworthau@miibeian.gov.cn,227.91.235.127
Lindon,Reasce,lreasceav@shareasale.com,162.136.136.132
Hildagarde,Baird,hbairdaw@constantcontact.com,26.53.28.122
Scotty,Cosans,scosansax@lycos.com,253.85.253.167
Gale,Ruddiforth,gruddiforthay@amazon.co.uk,46.238.252.183
Shirleen,Lindsay,slindsayaz@cmu.edu,63.214.106.57
Clementia,Swainson,cswainsonb0@nhs.uk,64.180.80.124
Claudette,Dallan,cdallanb1@cdbaby.com,198.210.57.19
Skye,Dorrins,sdorrinsb2@gravatar.com,238.93.142.105
Abramo,Selwin,aselwinb3@webeden.co.uk,142.30.93.243
Horace,Gumery,hgumeryb4@homestead.com,190.53.77.86
Forster,Bartholomieu,fbartholomieub5@marriott.com,111.93.187.171
Sayre,Crates,scratesb6@discuz.net,65.86.13.243
Spence,Pordall,spordallb7@unicef.org,148.144.238.73
Hilario,Wenham,hwenhamb8@hud.gov,11.105.25.31
Gardner,Packington,gpackingtonb9@sogou.com,203.98.66.201
Thalia,Stenbridge,tstenbridgeba@soup.io,247.186.17.170
Louisette,McGinty,lmcgintybb@webnode.com,100.185.93.84
Pammy,Sambell,psambellbc@cmu.edu,20.64.228.101
Ninette,Oughton,noughtonbd@purevolume.com,27.230.99.32
Rosaline,Coton,rcotonbe@cmu.edu,26.116.181.204
Cleveland,Raubenheimers,craubenheimersbf@washington.edu,179.5.147.159
Giustino,Latour,glatourbg@icq.com,27.238.21.41
Barde,Orteaux,borteauxbh@e-recht24.de,44.175.0.31
Ninnetta,Tomaszczyk,ntomaszczykbi@salon.com,185.233.19.174
Boot,Sprasen,bsprasenbj@theglobeandmail.com,200.157.146.234
Zoe,Muckeen,zmuckeenbk@eventbrite.com,91.168.245.1
Gayelord,McClay,gmcclaybl@timesonline.co.uk,108.182.221.233
Lani,Greenall,lgreenallbm@paypal.com,125.59.215.158
Caroline,Barwis,cbarwisbn@java.com,100.245.207.243
Luelle,Whittek,lwhittekbo@technorati.com,71.31.88.67
Kai,Longmate,klongmatebp@cyberchimps.com,207.202.203.62
Kania,Palmby,kpalmbybq@loc.gov,186.205.57.21
Justus,Fildery,jfilderybr@blinklist.com,72.96.81.231
Drucill,Code,dcodebs@google.ru,29.187.183.193
Kerrin,De Dantesie,kdedantesiebt@google.ca,191.83.129.63
Doloritas,Stern,dsternbu@usgs.gov,74.134.135.128
Isidoro,Bilsland,ibilslandbv@ezinearticles.com,243.107.25.135
Ame,Gloy,agloybw@seattletimes.com,213.1.49.5
Gilemette,Dovey,gdoveybx@google.nl,122.235.68.186
Cart,Murty,cmurtyby@bloglines.com,30.97.84.223
Jere,Argo,jargobz@ycombinator.com,139.53.21.224
Pavel,Romao,promaoc0@blogspot.com,60.124.83.34
Ed,Ghidelli,eghidellic1@photobucket.com,107.141.242.141
Judye,Torn,jtornc2@meetup.com,164.115.227.227
Aidan,Norcop,anorcopc3@netlog.com,255.146.240.98
Audra,Ealam,aealamc4@independent.co.uk,224.138.184.39
Ivette,Postlewhite,ipostlewhitec5@gnu.org,249.138.239.121
Ky,O'Heffernan,koheffernanc6@columbia.edu,198.16.178.25
Allianora,Pumphrey,apumphreyc7@meetup.com,15.254.99.18
Dane,Ling,dlingc8@ucoz.com,52.73.208.208
Mikel,Itzakovitz,mitzakovitzc9@instagram.com,247.59.179.174
Desiri,Crack,dcrackca@unblog.fr,102.0.187.122
Denver,Hamflett,dhamflettcb@house.gov,59.166.73.93
Noella,Giametti,ngiametticc@artisteer.com,11.51.84.88
Ysabel,Rigmand,yrigmandcd@live.com,191.168.78.204
Tania,Mincini,tmincinice@nytimes.com,211.158.208.55
Harper,Jovic,hjoviccf@nyu.edu,165.102.128.0
Doria,Wapplington,dwapplingtoncg@ezinearticles.com,9.179.223.123
Stephenie,Gooderridge,sgooderridgech@github.com,28.190.6.66
Danika,Stansbury,dstansburyci@un.org,201.87.62.103
Sheff,Allanby,sallanbycj@un.org,97.137.129.244
Dulcia,Berka,dberkack@nps.gov,103.215.130.231
Blakeley,Janus,bjanuscl@studiopress.com,88.181.45.107
Fidole,Wellstood,fwellstoodcm@myspace.com,87.194.210.197
Gerty,Dicker,gdickercn@histats.com,208.116.138.32
Joscelin,Sorrell,jsorrellco@webeden.co.uk,51.7.210.191
Ricoriki,De Filippo,rdefilippocp@nsw.gov.au,12.30.204.2
Xena,Dines,xdinescq@webeden.co.uk,116.36.180.245
Cletis,Grinnikov,cgrinnikovcr@marketwatch.com,91.249.188.196
Amber,Gebby,agebbycs@ed.gov,173.2.69.65
Matthieu,Drinkhall,mdrinkhallct@google.cn,107.76.254.0
Lula,Donaher,ldonahercu@surveymonkey.com,78.151.82.119
Sancho,Blackden,sblackdencv@hc360.com,241.85.209.31
Tedd,Mounch,tmounchcw@sourceforge.net,154.234.219.175
Woody,Braddock,wbraddockcx@geocities.com,88.192.205.95
Gerry,Cheesman,gcheesmancy@simplemachines.org,139.104.51.109
Vicki,Manus,vmanuscz@thetimes.co.uk,37.111.214.242
Solomon,Barttrum,sbarttrumd0@tumblr.com,147.240.230.44
Fifine,Hexam,fhexamd1@umich.edu,31.241.201.70
Othilia,Childerhouse,ochilderhoused2@opensource.org,224.214.177.148
Kariotta,Friman,kfrimand3@trellian.com,90.152.188.172
Harlie,Varran,hvarrand4@g.co,47.254.150.84
Kailey,Rosenwasser,krosenwasserd5@globo.com,48.50.18.165
Hillier,Lathleiff,hlathleiffd6@webeden.co.uk,173.230.106.247
Jarrid,Ortet,jortetd7@networkadvertising.org,92.85.143.99
Mariam,MacAndie,mmacandied8@usa.gov,96.201.18.165
Hannah,Salter,hsalterd9@google.co.jp,172.212.140.75
Chiquita,Websdale,cwebsdaleda@liveinternet.ru,253.189.196.196
Bobbee,Bischoff,bbischoffdb@amazon.de,7.209.65.144
Catherine,Meco,cmecodc@i2i.jp,54.105.60.228
Hoyt,Wigin,hwigindd@fc2.com,222.102.119.192
Rowan,Hegarty,rhegartyde@washingtonpost.com,5.247.203.81
Tamarah,Anglish,tanglishdf@arstechnica.com,15.187.137.15
Moina,Brampton,mbramptondg@drupal.org,211.200.88.8
Sharai,McWhinnie,smcwhinniedh@w3.org,248.175.168.133
Alie,Worsalls,aworsallsdi@themeforest.net,240.12.118.60
Deane,Abrahams,dabrahamsdj@spotify.com,194.124.174.241
Andreana,Grassot,agrassotdk@virginia.edu,0.233.147.58
Lorianna,Shotbolt,lshotboltdl@google.nl,174.157.47.54
Elton,Dockray,edockraydm@biblegateway.com,112.64.93.67
George,Apps,gappsdn@godaddy.com,177.64.59.208
Obidiah,Dancer,odancerdo@yale.edu,207.64.99.131
Lara,Furmedge,lfurmedgedp@ameblo.jp,226.224.164.127
Gauthier,Flatt,gflattdq@seattletimes.com,50.183.61.206
Gerardo,Largen,glargendr@who.int,61.179.42.143
Elena,Gridley,egridleyds@cdc.gov,143.167.97.199
Willamina,Price,wpricedt@samsung.com,31.90.138.213
Patsy,Aberdeen,paberdeendu@tinypic.com,13.248.153.10
Anne-corinne,Thoma,athomadv@weather.com,0.251.37.85
